"method","elapsed_seconds"
"BKP",8.70999999999185
"TwinBKP",0.0529999999998836
"LGP",519.619999999995
